﻿<entry>
    <name>Merge Sort</name>
    <description><![CDATA[This sample implements a merge sort (also known as Batcher's sort), algorithms belonging to the class of sorting networks. While generally subefficient on large sequences compared to algorithms with better asymptotic algorithmic complexity (i.e. merge sort or radix sort), may be the algorithms of choice for sorting batches of short- to mid-sized (key, value) array pairs.
Refer to the excellent tutorial by H. W. Lang http://www.iti.fh-flensburg.de/lang/algorithmen/sortieren/networks/indexen.htm
]]></description>
    <whitepaper></whitepaper>
    <minspec>SM 1.0</minspec>
    <keywords>sort,bitonic,CUDA</keywords>
    <scope>1:CUDA Advanced Topics,1:Data-Parallel Algorithms</scope>
    <files>
    </files>
    
    <keyconcepts level="advanced">Data-Parallel Algorithms</keyconcepts>

    <!-- *** Additional project definition information *** -->
    <!-- Libraries that the project should be linked against. Document may contain any number of "libraries" elements. -->
    <!-- Attributes "os" and "arch" are optional and may be used in any combination. -->
    <!-- "framework" attribute will be ignored on platforms other then Mac OS X -->

    <!-- Either absolute or relative to sample -->
    <library-path os="windows"></library-path>

    <!-- Either absolute or relative to sample -->
    <include-path>./</include-path>
    <include-path>../</include-path>
    <include-path>../../common/inc</include-path>
    
    <!-- Can be either "separate" or "whole", omitting this element means that sample can be compiled either way -->
    <devicecompilation>whole</devicecompilation>

    <!-- These options will be passed to NVCC compiler as is and for all files -->
    <nvcc-compiler></nvcc-compiler>
    <nvcc-compiler file="mergeSort.cu"></nvcc-compiler>
    <sm-arch>sm10</sm-arch>
    <sm-arch>sm20</sm-arch>
    <sm-arch>sm30</sm-arch>

    <!-- One of "exe|dll|lib" (exe is default) -->
    <type>exe</type>

    <!-- By default IDE will open file "samplename.(cu|cpp) -->
    <primary-file>main.cpp</primary-file>

    <!-- Collection of [OS][:arch] tokens -->
    <supported-env>linux:x86_64, linux:i686, windows7, macosx:x86_64, macosx:i686, :arm</supported-env>
</entry>
